{
    "ff_005091_sum_norm_dc_0.tif": [
        0.9091761803167386,
        0.09082381968326136,
        0.0
    ],
    "ff_004122_sum_norm_dc_0.tif": [
        0.8782467282359958,
        0.12175327176400419,
        0.0
    ],
    "ff_014567_sum_norm_dc_0.tif": [
        0.8965340233458002,
        0.10346597665419976,
        0.0
    ],
    "ff_004788_sum_norm_dc_0.tif": [
        0.9999999999998308,
        1.6919798895287386e-13,
        0.0
    ],
    "ff_007260_sum_norm_dc_0.tif": [
        0.8780097302986624,
        0.12199026970133764,
        0.0
    ],
    "ff_003516_sum_norm_dc_0.tif": [
        0.713314304561192,
        0.28668569543880795,
        0.0
    ],
    "ff_004332_sum_norm_dc_0.tif": [
        1.0,
        0.0,
        0.0
    ],
    "ff_016715_sum_norm_dc_0.tif": [
        0.8904241801512509,
        0.10957581984874909,
        0.0
    ],
    "ff_015036_sum_norm_dc_0.tif": [
        0.9087537385833664,
        0.09124626141663361,
        0.0
    ],
    "ff_015063_sum_norm_dc_0.tif": [
        4.40649859856959e-13,
        0.9999999999995594,
        0.0
    ]
}