{
    "darkCor_ff_009923_ge2_0016.npy": [
        0.57799,
        0.42201,
        0.0
    ],
    "darkCor_ff_007470_ge2_0001.npy": [
        0.956127,
        0.043873,
        0.0
    ],
    "darkCor_ff_010114_ge2_0001.npy": [
        0.939996,
        0.060004,
        0.0
    ],
    "darkCor_ff_006814_ge2_0001.npy": [
        0.77905,
        0.22095,
        0.0
    ],
    "darkCor_ff_006736_ge2_0001.npy": [
        0.77386,
        0.22614,
        0.0
    ],
    "darkCor_ff_006595_ge2_0001.npy": [
        0.75943,
        0.24057,
        0.0
    ],
    "darkCor_ff_003460_ge2_0001.npy": [
        0.964116,
        0.035884,
        0.0
    ],
    "darkCor_ff_008716_ge2_0001.npy": [
        0.75303,
        0.24697,
        0.0
    ],
    "darkCor_ff_009923_ge2_0154.npy": [
        0.905988,
        0.094012,
        0.0
    ],
    "darkCor_ff_008914_ge2_0001.npy": [
        0.79938,
        0.20062,
        0.0
    ]
}